title,url,thumbnail_url,channel,description
When Desis Go To an American Beach | Miami,https://www.youtube.com/watch?v=NOof2E0kMlM,https://i.ytimg.com/vi/NOof2E0kMlM/hqdefault.jpg?sqp=-oaymwEcCPYBEIoBSFXyq4qpAw4IARUAAIhCGAFwAcABBg==&rs=AOn4CLAZTk0_koL23uG4OLwj6iSuJGOmTQ,Slayy Point,"We went to Vice City From GTA - Miami. GTA 6 will also be based on this city. We explored the city, the beaches and also tried the driverless cabs. Follow us on Instagram - Gautami - https://www.i..."
"VICKY VIDYA KA WOH WALA VIDEO - TRAILER | RAJKUMMAR RAO, TRIPTII DIMRI | RAAJ S | BHUSHAN K | 11 OCT",https://www.youtube.com/watch?v=0xXa9a2rHoQ,https://i.ytimg.com/vi/0xXa9a2rHoQ/hqdefault.jpg?sqp=-oaymwEcCPYBEIoBSFXyq4qpAw4IARUAAIhCGAFwAcABBg==&rs=AOn4CLCCP8O8WAz-ozyvs06nGCExNA4o7w,T-Series,"AND IT'S HERE! PRESENTING THE OFFICIAL TRAILER OF THE HOTLY AWAITED UPCOMING FILM ""VICKY VIDYA KA WOH WALA VIDEO"". STARRING THE DYNAMIC DUO RAJKUMMAR RAO AND TRIPTII DIMRI ALONGSIDE VIJAY..."
[HINDI] iQOO BMPS 2024 | ROUND 3 | Day 2,https://www.youtube.com/watch?v=yxQ-vZTe5fA,,KRAFTON INDIA ESPORTS,PLAY BGMI: https://bit.ly/3XDWAab Tune in live as 48 pro teams compete in 3 groups across 4 action-packed days for the massive ‚Çπ2 Crore prize pool. Don‚Äôt miss any of the strategy or triumphs...
VENOM: THE LAST DANCE - New Hindi Trailer | In Cinemas October 25,https://www.youtube.com/watch?v=idqfhoa4qu4,,Sony Pictures India,"With you to the end. Witness the epic conclusion in #Venom: The Last Dance - exclusively in cinemas on October 25. Releasing in English, Hindi, Tamil & Telugu. In Venom: The Last Dance, Tom..."
I AM BEST PLAYER IN BANGLADESH AND NEPAL | GARENA FREE FIRE,https://www.youtube.com/watch?v=_IjcjAKyNrI,,Total Gaming,I AM BEST PLAYER IN BANGLADESH AND NEPAL GARENA FREE FIRE SEASON 41 HEROIC RANK PUSH GAMEPLAY üì∑ Instagram: https://www.instagram.com/totalgaming_official/ üïäÔ∏èTwitter:- https://twitter.com/t...
[HINDI] iQOO BMPS 2024 | ROUND 3 | Day 1,https://www.youtube.com/watch?v=vlqmfbik5W0,,KRAFTON INDIA ESPORTS,PLAY BGMI: https://bit.ly/3XDWAab Tune in live as 48 pro teams compete in 3 groups across 4 action-packed days for the massive ‚Çπ2 Crore prize pool. Don‚Äôt miss any of the strategy or triumphs...
Head Fires 59 off 23 Balls | Highlights - England v Australia | 1st Men's Vitality IT20 2024,https://www.youtube.com/watch?v=Y_YAad9gLDA,,England & Wales Cricket Board,Go to ecb.co.uk to join We Are England Cricket Supporters for free and get priority access to tickets and much more! Watch match highlights from the 1st Vitality IT20 between England and Australia...
1st T20I | Highlights | Australia Tour Of England | 11th September 2024,https://www.youtube.com/watch?v=lP79tn6blZk,,Sony LIV,Click here to subscribe to Sony LIV Channel: https://www.youtube.com/user/sonyliv Click here to watch all highlights: https://bit.ly/3OVl9LM Click here to watch more: https://www.sonyliv.com/spo...
Apple Event - September 9,https://www.youtube.com/watch?v=uarNiSl_uh4,,Apple,"Watch the special Apple Event to learn about the next generation of iPhone, Apple Watch, and AirPods, and so much more. To watch the event interpreted in American Sign Language (ASL), please..."
Devara Part -1 Trailer (Telugu) | NTR | Saif Ali Khan | Janhvi | Koratala Siva | Anirudh | Sep 27,https://www.youtube.com/watch?v=5cx7rvMvAWo,,NTR Arts,"Here‚Äôs Devara Part - 1 Telugu Trailer ft. NTR, Saif Ali Khan, Janhvi Kapoor. Written & Directed by Koratala Siva. The Film‚Äôs music is composed by Anirudh Ravichander. Grand Release on September..."
